group_id,genotype,age_days,sex,replicate,library,sra_run,n_cells,bam_path
w1118_3d_r1_female,w1118,3,female,1,w1118_3d_r1,SRR6327125,477,data/intermediate/pseudobulk/w1118_3d_r1_female.bam
w1118_3d_r1_male,w1118,3,male,1,w1118_3d_r1,SRR6327125,508,data/intermediate/pseudobulk/w1118_3d_r1_male.bam
w1118_3d_r2_female,w1118,3,female,2,w1118_3d_r2,SRR6327126,1382,data/intermediate/pseudobulk/w1118_3d_r2_female.bam
w1118_3d_r2_male,w1118,3,male,2,w1118_3d_r2,SRR6327126,903,data/intermediate/pseudobulk/w1118_3d_r2_male.bam
w1118_3d_r3_female,w1118,3,female,3,w1118_3d_r3,SRR6327127,1197,data/intermediate/pseudobulk/w1118_3d_r3_female.bam
w1118_3d_r3_male,w1118,3,male,3,w1118_3d_r3,SRR6327127,724,data/intermediate/pseudobulk/w1118_3d_r3_male.bam
w1118_6d_r1_female,w1118,6,female,1,w1118_6d_r1,SRR6327128,623,data/intermediate/pseudobulk/w1118_6d_r1_female.bam
w1118_6d_r1_male,w1118,6,male,1,w1118_6d_r1,SRR6327128,686,data/intermediate/pseudobulk/w1118_6d_r1_male.bam
w1118_6d_r2_female,w1118,6,female,2,w1118_6d_r2,SRR6327129,611,data/intermediate/pseudobulk/w1118_6d_r2_female.bam
w1118_6d_r2_male,w1118,6,male,2,w1118_6d_r2,SRR6327129,839,data/intermediate/pseudobulk/w1118_6d_r2_male.bam
w1118_6d_r3_female,w1118,6,female,3,w1118_6d_r3,SRR6327130,1987,data/intermediate/pseudobulk/w1118_6d_r3_female.bam
w1118_6d_r3_male,w1118,6,male,3,w1118_6d_r3,SRR6327130,939,data/intermediate/pseudobulk/w1118_6d_r3_male.bam
w1118_9d_r1_female,w1118,9,female,1,w1118_9d_r1,SRR6327131,624,data/intermediate/pseudobulk/w1118_9d_r1_female.bam
w1118_9d_r1_male,w1118,9,male,1,w1118_9d_r1,SRR6327131,328,data/intermediate/pseudobulk/w1118_9d_r1_male.bam
w1118_9d_r2_female,w1118,9,female,2,w1118_9d_r2,SRR6327132,797,data/intermediate/pseudobulk/w1118_9d_r2_female.bam
w1118_9d_r2_male,w1118,9,male,2,w1118_9d_r2,SRR6327132,1143,data/intermediate/pseudobulk/w1118_9d_r2_male.bam
w1118_9d_r3_female,w1118,9,female,3,w1118_9d_r3,SRR6327133,892,data/intermediate/pseudobulk/w1118_9d_r3_female.bam
w1118_9d_r3_male,w1118,9,male,3,w1118_9d_r3,SRR6327133,1331,data/intermediate/pseudobulk/w1118_9d_r3_male.bam
