event_id,gene,psi_std
CG8079:2R:15221728-15221823:15221899-15221980:15222044-15222425:+,CG8079,0.2275
fray:3R:18573091-18573525:18577567-18577584:18586279-18589453:+,fray,0.2146
fray:3R:18573192-18573525:18577567-18577584:18586279-18589459:+,fray,0.2146
anne:4:136879-137167:137223-137332:137391-137752:+,anne,0.1890
Nuak:3R:10298449-10298591:10299002-10299058:10299634-10299752:+,Nuak,0.1875
Nuak:3R:10298449-10298591:10299002-10299058:10299634-10301527:+,Nuak,0.1875
CG42594:X:4840833-4841440:4869496-4869554:4894618-4895060:+,CG42594,0.1856
caz:X:16289226-16289322:16291057-16291091:16291941-16292110:+,caz,0.1764
Myo81F:3R:1342196-1342317:1454572-1455091:1467146-1467258:+,Myo81F,0.1473
alph:3R:29597419-29597473:29597776-29597908:29598164-29598942:+,alph,0.1295
alph:3R:29597419-29597473:29597776-29597908:29598164-29599234:+,alph,0.1295
HnRNP-K:2R:20587551-20587744:20589617-20589667:20595557-20595663:+,HnRNP-K,0.1259
wwk:2L:15093419-15093683:15094134-15094232:15094679-15095177:+,wwk,0.1258
Atpalpha:3R:20957734-20958167:20960726-20960825:20963725-20963856:+,Atpalpha,0.1241
lilli:2L:2885929-2886578:2889674-2890916:2945030-2945792:+,lilli,0.1237
mub:3L:21844788-21845235:21875297-21875325:21907346-21907920:+,mub,0.1182
scro:3L:24724162-24724430:24725824-24726292:24728297-24728508:+,scro,0.1168
CG42540:3L:4574964-4575758:4577917-4577952:4578760-4578869:+,CG42540,0.1120
SK:X:5383542-5383646:5394053-5394188:5396184-5396294:+,SK,0.1111
CkIIalpha:3L:23099640-23099723:23100245-23100357:23102122-23103460:+,CkIIalpha,0.1099
Cadps:4:1250771-1250883:1254006-1254212:1255842-1255998:+,Cadps,0.1043
lncRNA:roX2:X:11579065-11579124:11579352-11579528:11579670-11580084:+,lncRNA,0.1037
cora:2R:19236942-19237063:19237328-19237441:19238152-19238314:+,cora,0.0990
CkIIalpha:3L:23099640-23099723:23100220-23100357:23102122-23103460:+,CkIIalpha,0.0989
smog:2L:4874058-4874169:4874542-4874562:4874887-4875233:+,smog,0.0932
CaMKI:4:446093-446486:446631-446751:446821-447035:+,CaMKI,0.0909
Wbp2:3L:12852232-12852277:12852427-12852528:12852616-12852716:+,Wbp2,0.0909
Cadps:4:1234679-1234799:1241730-1241897:1243477-1243652:+,Cadps,0.0896
smash:3R:4670797-4670850:4680229-4680579:4680779-4680837:+,smash,0.0873
B52:3R:13662970-13663051:13663455-13664934:13665453-13665526:+,B52,0.0866
CG12129:2R:10033304-10033551:10033604-10033703:10033757-10034021:+,CG12129,0.0846
BOD1:3R:27939707-27942133:27942435-27942483:27942588-27942778:+,BOD1,0.0840
Cbp53E:2R:16973927-16974124:16979847-16979895:16984266-16984490:+,Cbp53E,0.0827
sfl:3L:6495680-6496481:6505083-6505119:6523030-6524096:+,sfl,0.0823
nAChRalpha4:3L:23227438-23227547:23238837-23239017:23262708-23262823:+,nAChRalpha4,0.0805
Sema2b:2R:16428729-16428822:16429331-16429462:16429579-16430763:+,Sema2b,0.0787
fne:X:12918577-12919709:12939015-12939249:12941720-12942856:+,fne,0.0776
stai:2L:6122264-6122410:6122698-6122853:6122978-6123899:+,stai,0.0772
stai:2L:6122264-6122410:6122698-6122853:6122978-6124653:+,stai,0.0772
nuf:3L:14231177-14231325:14231597-14231635:14231927-14232500:+,nuf,0.0750
nuf:3L:14231177-14231325:14231597-14231635:14231927-14233250:+,nuf,0.0750
CG2269:2R:10090543-10090799:10091757-10091996:10093144-10094143:+,CG2269,0.0747
Adar:X:1773725-1774222:1775699-1775738:1778370-1778560:+,Adar,0.0747
Adar:X:1773725-1774222:1775699-1775738:1778370-1778699:+,Adar,0.0747
Cirl:2R:8614722-8615249:8615407-8615476:8615903-8616156:+,Cirl,0.0741
Cirl:2R:8614722-8615249:8615407-8615476:8615903-8616516:+,Cirl,0.0741
CG17508:2R:5609013-5609489:5610064-5610256:5611192-5611586:+,CG17508,0.0736
Ggamma30A:2L:9256563-9256696:9256893-9257206:9272466-9272607:+,Ggamma30A,0.0730
ps:3R:9436835-9437118:9439346-9439705:9440681-9441665:+,ps,0.0722
B52:3R:13665590-13665901:13666084-13666248:13666419-13666891:+,B52,0.0715
